Team Name,Project Title,Update,Completion %,Date
Team Alpha,AI Chatbot,Initial project setup and planning,25,2024-01-15
Team Alpha,AI Chatbot,Backend API development completed,50,2024-01-22
Team Alpha,AI Chatbot,Frontend integration in progress,65,2024-02-01
Team Alpha,AI Chatbot,Testing and bug fixes,80,2024-02-10
Team Alpha,AI Chatbot,Final deployment and documentation,95,2024-02-20
Team Beta,E-commerce Platform,Project kickoff and requirements gathering,20,2024-01-10
Team Beta,E-commerce Platform,Database schema design,35,2024-01-25
Team Beta,E-commerce Platform,Payment gateway integration,55,2024-02-15
Team Beta,E-commerce Platform,UI/UX improvements,70,2024-03-01
Team Gamma,Mobile App,Initial wireframes and mockups,30,2024-01-12
Team Gamma,Mobile App,Core features implementation,45,2024-01-28
Team Gamma,Mobile App,API integration completed,60,2024-02-18
Team Delta,Data Analytics Tool,Research and technology selection,15,2024-01-20
Team Delta,Data Analytics Tool,Data pipeline setup,40,2024-02-25
Team Delta,Data Analytics Tool,Visualization dashboard,55,2024-03-10
